zone,district,disposition_clean,avg_rent,avg_m2_price,count
center,Malá Strana,1+1,26200.0,569.5652173913044,1
center,Malá Strana,2+1,34100.0,608.9285714285714,1
center,Nové Město,1+1,20750.0,746.7261904761905,2
center,Nové Město,1+KK,25472.85714285714,976.2911255411256,7
center,Nové Město,2+1,32262.5,516.235632183908,4
center,Nové Město,2+KK,32835.0,727.992694240817,6
center,Nové Město,3+1,35800.0,421.1764705882353,1
center,Nové Město,3+KK,36000.0,500.0,3
center,Staré Město,2+1,32162.5,441.5824534942182,4
center,Staré Město,2+KK,30900.0,688.0952380952381,2
inner_city,Braník,1+KK,18500.0,840.9090909090909,1
inner_city,Braník,2+KK,24778.0,528.4997835497836,5
inner_city,Braník,3+1,30000.0,333.3333333333333,1
inner_city,Braník,3+KK,25000.0,384.61538461538464,1
inner_city,Braník,4+1,52000.0,346.6666666666667,1
inner_city,Braník,GARSONIERA,14000.0,777.7777777777778,1
inner_city,Bubeneč,1+1,25800.0,516.0,1
inner_city,Bubeneč,1+KK,20307.0,880.9642857142858,2
inner_city,Bubeneč,2+1,33500.0,478.57142857142856,2
inner_city,Bubeneč,2+KK,29456.166666666668,559.0722502609736,12
inner_city,Bubeneč,3+1,50750.0,390.38461538461536,1
inner_city,Bubeneč,3+KK,42040.0,572.2296015180266,2
inner_city,Bubeneč,4+1,46808.0,325.05555555555554,1
inner_city,Břevnov,1+1,21195.0,588.75,1
inner_city,Břevnov,1+KK,19550.0,760.9375,2
inner_city,Břevnov,2+1,28108.0,479.2713789304178,5
inner_city,Břevnov,2+KK,26353.333333333332,569.0090258325553,3
inner_city,Břevnov,3+1,39500.0,365.74074074074076,1
inner_city,Břevnov,3+KK,29800.0,382.05128205128204,1
inner_city,Břevnov,GARSONIERA,14500.0,690.4761904761905,1
inner_city,Dejvice,1+KK,19500.0,886.3636363636364,1
inner_city,Dejvice,2+1,28223.571428571428,528.3659516670411,7
inner_city,Dejvice,2+KK,27467.6,523.9810149623111,5
inner_city,Dejvice,3+1,32800.0,439.0977443609022,2
inner_city,Dejvice,3+KK,40750.0,565.1515151515151,2
inner_city,Hlubočepy,1+1,20500.0,602.9411764705883,1
inner_city,Hlubočepy,1+KK,22059.75,705.1100754084625,4
inner_city,Hlubočepy,2+KK,26174.3,529.4434134824737,10
inner_city,Hlubočepy,3+1,33000.0,388.2352941176471,1
inner_city,Hlubočepy,4+KK,45500.0,399.12280701754383,1
inner_city,Holešovice,1+1,23814.0,615.837186049686,4
inner_city,Holešovice,1+KK,22706.0,905.5954846498505,13
inner_city,Holešovice,2+1,26600.5,515.922322775264,2
inner_city,Holešovice,2+KK,30593.157894736843,548.4781278188375,19
inner_city,Holešovice,3+1,29145.0,467.70365699873895,2
inner_city,Holešovice,3+KK,37990.0,487.05128205128204,1
inner_city,Holešovice,4+KK,38000.0,308.9430894308943,1
inner_city,Holešovice,GARSONIERA,17250.0,690.0,1
inner_city,Jinonice,1+KK,14490.0,557.3076923076923,1
inner_city,Jinonice,4+KK,44835.0,452.59042497100074,2
inner_city,Jinonice,GARSONIERA,21400.0,455.3191489361702,1
inner_city,Karlín,1+KK,25688.714285714286,852.6817553424696,7
inner_city,Karlín,2+1,24500.5,374.81017791732074,2
inner_city,Karlín,2+KK,33526.6,560.7333515771669,10
inner_city,Karlín,3+KK,45400.0,564.0015576892654,4
inner_city,Karlín,4+1,12620.0,573.6363636363636,1
inner_city,Karlín,4+KK,46500.0,460.3960396039604,1
inner_city,Karlín,GARSONIERA,18030.0,1126.875,1
inner_city,Kobylisy,1+KK,16245.0,585.78125,2
inner_city,Kobylisy,2+1,24500.0,422.41379310344826,1
inner_city,Kobylisy,2+KK,23814.875,520.1232334995922,8
inner_city,Kobylisy,3+1,28636.0,417.49190433749254,5
inner_city,Kobylisy,3+KK,35789.5,499.73268398268397,2
inner_city,Košíře,1+KK,22131.666666666668,689.5010017460586,6
inner_city,Košíře,2+1,24340.2,426.9777663119265,5
inner_city,Košíře,2+KK,27054.363636363636,557.4748632642393,11
inner_city,Košíře,3+KK,44000.0,550.0,1
inner_city,Košíře,4+KK,48490.0,436.84684684684686,1
inner_city,Košíře,GARSONIERA,18500.0,778.2258064516129,2
inner_city,Libeň,1+1,19938.0,522.919354202029,5
inner_city,Libeň,1+KK,21454.916666666668,614.1414327066426,24
inner_city,Libeň,2+1,26458.5,405.35061151068976,6
inner_city,Libeň,2+KK,25944.166666666668,523.7314450400237,12
inner_city,Libeň,3+1,23000.0,338.2352941176471,1
inner_city,Libeň,3+KK,33436.75,518.680716599558,4
inner_city,Libeň,4+KK,44600.0,365.57377049180326,1
inner_city,Libeň,GARSONIERA,19800.0,825.0,1
inner_city,Michle,1+KK,21191.666666666668,634.642131494571,6
inner_city,Michle,2+1,29990.0,499.8333333333333,1
inner_city,Michle,2+KK,24084.285714285714,455.48654860724935,7
inner_city,Michle,3+1,38000.0,405.8398152649489,2
inner_city,Michle,3+KK,32347.5,488.2175999474105,4
inner_city,Nusle,1+1,20613.333333333332,539.4155328798187,3
inner_city,Nusle,1+KK,20031.11111111111,705.600952971773,9
inner_city,Nusle,2+1,29148.6,553.8459651156372,5
inner_city,Nusle,2+KK,25707.69230769231,526.9379075031248,13
inner_city,Nusle,3+1,35000.0,397.72727272727275,1
inner_city,Nusle,3+KK,30330.0,424.0392156862745,3
inner_city,Nusle,GARSONIERA,17000.0,607.1428571428571,1
inner_city,Podolí,2+1,31774.0,533.5270628494313,4
inner_city,Podolí,2+KK,24364.0,513.1391721880051,5
inner_city,Prosek,1+KK,14490.0,315.0,1
inner_city,Prosek,2+KK,26017.8,528.4736448874123,5
inner_city,Prosek,3+KK,37500.0,468.75,1
inner_city,Prosek,6+1,12000.0,92.3076923076923,1
inner_city,Radlice,1+KK,24400.0,717.6470588235294,1
inner_city,Radlice,2+KK,34446.333333333336,610.6369650556186,3
inner_city,Smíchov,1+1,20044.0,468.87496304864726,5
inner_city,Smíchov,1+KK,19473.333333333332,713.3986430266001,9
inner_city,Smíchov,2+1,27755.0,442.83187134502924,3
inner_city,Smíchov,2+KK,24844.81818181818,548.5049516029569,11
inner_city,Smíchov,3+1,34250.0,327.2556390977444,2
inner_city,Smíchov,3+KK,35783.166666666664,460.93088679473243,6
inner_city,Smíchov,4+1,34490.0,313.54545454545456,1
inner_city,Strašnice,1+1,19500.0,500.0,1
inner_city,Strašnice,1+KK,23425.285714285714,668.1737760775275,7
inner_city,Strašnice,2+1,28757.285714285714,451.5502928224959,7
inner_city,Strašnice,2+KK,27228.571428571428,532.2342334751324,14
inner_city,Strašnice,3+1,27000.0,291.0810810810811,2
inner_city,Strašnice,3+KK,25945.0,413.46824408468245,2
inner_city,Strašnice,4+1,32200.0,357.77777777777777,1
inner_city,Střešovice,1+1,24000.0,685.7142857142857,1
inner_city,Střešovice,1+KK,15900.0,836.8421052631579,1
inner_city,Střešovice,2+1,26450.0,456.04314204314204,3
inner_city,Střešovice,GARSONIERA,19000.0,703.7037037037037,1
inner_city,Vinohrady,1+1,24050.0,551.3373860182371,4
inner_city,Vinohrady,1+KK,22553.375,860.0604904354905,8
inner_city,Vinohrady,2+1,27978.0,429.9951267627642,5
inner_city,Vinohrady,2+KK,30671.0,641.2151200771397,13
inner_city,Vinohrady,3+1,43791.5,454.16631803484853,6
inner_city,Vinohrady,3+KK,33892.857142857145,418.3324318663105,7
inner_city,Vinohrady,4+KK,45000.0,420.5607476635514,1
inner_city,Vokovice,1+1,21500.0,537.5,1
inner_city,Vokovice,1+KK,17200.0,615.375,2
inner_city,Vokovice,2+1,20740.0,380.456228956229,2
inner_city,Vokovice,2+KK,25500.0,439.6551724137931,1
inner_city,Vokovice,3+1,30693.0,333.6195652173913,1
inner_city,Vokovice,3+KK,37460.0,443.2774263625327,3
inner_city,Vokovice,4+KK,31400.0,461.7647058823529,1
inner_city,Vršovice,1+1,25000.0,862.0689655172414,1
inner_city,Vršovice,1+KK,20843.75,746.0316488468428,8
inner_city,Vršovice,2+1,27586.0,471.14053337459,10
inner_city,Vršovice,2+KK,26371.823529411766,506.5294681929185,17
inner_city,Vršovice,3+1,27250.0,350.5281690140845,2
inner_city,Vršovice,3+KK,31585.0,390.63328424153167,2
inner_city,Vršovice,5+1,10401.0,122.36470588235294,1
inner_city,Vršovice,5+KK,39000.0,443.1818181818182,1
inner_city,Vysočany,1+1,15795.0,387.969696969697,2
inner_city,Vysočany,1+KK,21984.206896551725,639.2546604289416,29
inner_city,Vysočany,2+1,18990.0,351.6666666666667,1
inner_city,Vysočany,2+KK,30057.88888888889,557.4556890939606,18
inner_city,Vysočany,3+KK,40425.0,461.9593180937621,4
inner_city,Vysočany,GARSONIERA,13200.0,528.0,1
inner_city,Žižkov,1+1,21341.5,555.1814654812151,6
inner_city,Žižkov,1+KK,22244.0,687.3394950012823,13
inner_city,Žižkov,2+1,29109.090909090908,497.070966378089,11
inner_city,Žižkov,2+KK,28227.085714285713,579.5657648014258,35
inner_city,Žižkov,3+1,28633.333333333332,463.1102096010818,3
inner_city,Žižkov,3+KK,37200.0,466.393570536829,2
inner_city,Žižkov,4+KK,46422.5,498.56312957875457,2
inner_city,Žižkov,GARSONIERA,15875.0,503.57142857142856,2
outer_or_suburbs,Benice,2+KK,23000.0,310.81081081081084,1
outer_or_suburbs,Bohnice,1+1,20000.0,526.3157894736842,1
outer_or_suburbs,Bohnice,2+1,29600.0,503.17663817663816,2
outer_or_suburbs,Bohnice,2+KK,28095.0,668.9285714285714,1
outer_or_suburbs,Bohnice,3+1,23490.0,321.7808219178082,1
outer_or_suburbs,Bohnice,3+KK,28296.666666666668,432.0304232804233,3
outer_or_suburbs,Bohnice,4+KK,37900.0,533.8028169014085,1
outer_or_suburbs,Běchovice,2+KK,20490.0,525.3846153846154,1
outer_or_suburbs,Chodov,1+KK,19166.666666666668,677.8544590138794,3
outer_or_suburbs,Chodov,2+KK,25984.5,555.6097848797768,12
outer_or_suburbs,Chodov,3+1,27953.333333333332,388.7571428571428,3
outer_or_suburbs,Chodov,3+KK,29796.666666666668,420.3700937787139,6
outer_or_suburbs,Chodov,4+1,51500.0,399.2248062015504,1
outer_or_suburbs,Dolní Chabry,2+KK,27000.0,500.0,1
outer_or_suburbs,Dolní Chabry,GARSONIERA,15000.0,833.3333333333334,1
outer_or_suburbs,Dolní Měcholupy,1+KK,21933.333333333332,568.0729601782233,3
outer_or_suburbs,Dolní Měcholupy,2+KK,26295.0,501.5021770682148,2
outer_or_suburbs,Dolní Počernice,2+1,25000.0,454.54545454545456,1
outer_or_suburbs,Dubeč,2+KK,24000.0,600.0,1
outer_or_suburbs,Hloubětín,1+1,20100.0,670.0,1
outer_or_suburbs,Hloubětín,1+KK,20268.076923076922,625.0671584739156,26
outer_or_suburbs,Hloubětín,2+1,25500.0,504.8076923076923,2
outer_or_suburbs,Hloubětín,2+KK,27735.75,535.8068186354238,12
outer_or_suburbs,Hloubětín,3+1,12500.0,142.04545454545453,1
outer_or_suburbs,Hloubětín,3+KK,43456.0,499.4942528735632,1
outer_or_suburbs,Hodkovičky,1+1,18000.0,562.5,1
outer_or_suburbs,Hodkovičky,1+KK,23700.0,587.569573283859,2
outer_or_suburbs,Horní Měcholupy,1+KK,20550.0,628.058426073132,4
outer_or_suburbs,Horní Měcholupy,2+KK,25242.666666666668,467.3423180592992,3
outer_or_suburbs,Horní Měcholupy,3+KK,30200.0,464.61538461538464,1
outer_or_suburbs,Horní Počernice,2+1,27000.0,509.4339622641509,1
outer_or_suburbs,Horní Počernice,2+KK,30200.0,431.42857142857144,1
outer_or_suburbs,Horní Počernice,3+1,30500.0,342.69662921348316,1
outer_or_suburbs,Horoměřice,2+KK,22250.0,483.695652173913,2
outer_or_suburbs,Horoměřice,3+KK,29900.0,446.2686567164179,1
outer_or_suburbs,Horoměřice,4+KK,7500.0,87.20930232558139,1
outer_or_suburbs,Horoměřice,GARSONIERA,13175.0,693.421052631579,1
outer_or_suburbs,Hostavice,1+KK,17600.0,488.8888888888889,1
outer_or_suburbs,Hostavice,2+KK,28500.0,558.8235294117648,1
outer_or_suburbs,Hostivař,1+KK,20000.0,645.1612903225806,1
outer_or_suburbs,Hostivař,2+1,28000.0,583.3333333333334,1
outer_or_suburbs,Hostivař,2+KK,26500.0,602.2727272727273,1
outer_or_suburbs,Hostivař,3+KK,32750.0,484.8484848484849,2
outer_or_suburbs,Hostivice,1+KK,18596.666666666668,543.1995464852608,3
outer_or_suburbs,Hostivice,2+1,22000.0,372.8813559322034,1
outer_or_suburbs,Hostivice,2+KK,23484.25,480.37221411101126,4
outer_or_suburbs,Hrdlořezy,1+KK,25950.0,627.4709302325582,2
outer_or_suburbs,Hrdlořezy,2+KK,25500.0,510.0,1
outer_or_suburbs,Hrdlořezy,3+KK,47000.0,529.2866082603255,2
outer_or_suburbs,Háje,1+KK,22200.0,652.9411764705883,1
outer_or_suburbs,Háje,2+KK,26226.0,528.8225832138876,5
outer_or_suburbs,Háje,3+KK,30300.0,490.3518123667377,2
outer_or_suburbs,Jeneč,2+1,22000.0,385.96491228070175,1
outer_or_suburbs,Kamýk,2+KK,26681.25,532.5344148499798,8
outer_or_suburbs,Kamýk,3+1,35440.0,426.9879518072289,1
outer_or_suburbs,Kamýk,GARSONIERA,18700.0,719.2307692307693,1
outer_or_suburbs,Kbely,1+KK,23500.0,734.375,1
outer_or_suburbs,Kbely,2+KK,21490.0,422.532196969697,2
outer_or_suburbs,Kbely,3+KK,22490.0,295.92105263157896,1
outer_or_suburbs,Komořany,2+KK,23200.0,493.6170212765957,1
outer_or_suburbs,Královice,1+KK,17000.0,377.77777777777777,1
outer_or_suburbs,Krč,1+1,16248.0,492.3636363636364,1
outer_or_suburbs,Krč,1+KK,19925.0,617.2727272727273,4
outer_or_suburbs,Krč,2+1,24994.0,445.0056567360854,5
outer_or_suburbs,Krč,2+KK,21681.666666666668,465.426541841176,6
outer_or_suburbs,Krč,3+1,35000.0,460.5263157894737,1
outer_or_suburbs,Krč,3+KK,21990.0,392.67857142857144,1
outer_or_suburbs,Krč,4+1,32400.0,381.1764705882353,1
outer_or_suburbs,Kunratice,2+KK,15490.0,344.22222222222223,1
outer_or_suburbs,Kyje,1+1,23850.0,397.5,1
outer_or_suburbs,Kyje,1+KK,19722.5,560.2760747004934,4
outer_or_suburbs,Kyje,2+KK,20660.0,475.8256196119606,3
outer_or_suburbs,Kyje,3+KK,27990.0,345.55555555555554,1
outer_or_suburbs,Kyje,GARSONIERA,19800.0,582.3529411764706,1
outer_or_suburbs,Křeslice,GARSONIERA,11400.0,670.5882352941177,1
outer_or_suburbs,Lahovice,2+KK,23700.0,246.875,1
outer_or_suburbs,Letňany,1+KK,20486.333333333332,582.6309771647337,9
outer_or_suburbs,Letňany,2+1,17990.0,315.6140350877193,1
outer_or_suburbs,Letňany,2+KK,25165.0,495.73235127473646,12
outer_or_suburbs,Letňany,3+KK,32965.0,483.968253968254,3
outer_or_suburbs,Lhotka,2+1,29578.0,492.96666666666664,1
outer_or_suburbs,Lhotka,3+1,23990.0,342.7142857142857,1
outer_or_suburbs,Lhotka,3+KK,35500.0,403.40909090909093,1
outer_or_suburbs,Libeř,1+KK,20000.0,555.5555555555555,1
outer_or_suburbs,Liboc,1+KK,18500.5,869.5869565217391,2
outer_or_suburbs,Liboc,2+1,24000.0,406.77966101694915,1
outer_or_suburbs,Liboc,2+KK,25400.0,725.7142857142857,1
outer_or_suburbs,Libuš,2+KK,24645.0,536.4389534883721,2
outer_or_suburbs,Libuš,4+KK,42000.0,385.3211009174312,1
outer_or_suburbs,Lipence,1+KK,17000.0,708.3333333333334,1
outer_or_suburbs,Lipence,2+KK,34256.0,360.58947368421053,1
outer_or_suburbs,Lysolaje,1+KK,24000.0,436.3636363636364,1
outer_or_suburbs,Malešice,1+KK,19496.666666666668,623.2931121166415,3
outer_or_suburbs,Malešice,2+1,27250.0,534.3137254901961,1
outer_or_suburbs,Malešice,3+1,34900.0,478.0821917808219,1
outer_or_suburbs,Malá Chuchle,2+KK,23500.0,671.4285714285714,1
outer_or_suburbs,Modřany,1+1,15990.0,444.1666666666667,1
outer_or_suburbs,Modřany,1+KK,21473.4,570.2050907079898,5
outer_or_suburbs,Modřany,2+KK,28871.428571428572,509.7362896710139,7
outer_or_suburbs,Modřany,3+1,40400.0,531.578947368421,1
outer_or_suburbs,Modřany,3+KK,38266.0,466.6585365853659,1
outer_or_suburbs,Modřany,4+1,11500.0,127.77777777777777,1
outer_or_suburbs,Modřany,4+KK,47300.0,525.5555555555555,1
outer_or_suburbs,Motol,1+1,21000.0,500.0,1
outer_or_suburbs,Motol,2+KK,33500.0,573.2424485431702,2
outer_or_suburbs,Nupaky,3+KK,27300.0,354.54545454545456,1
outer_or_suburbs,Pitkovice,1+KK,23500.0,618.421052631579,1
outer_or_suburbs,Přední Kopanina,1+KK,24600.0,482.3529411764706,1
outer_or_suburbs,Přezletice,2+KK,23500.0,451.9230769230769,1
outer_or_suburbs,Přezletice,3+KK,37900.0,360.95238095238096,1
outer_or_suburbs,Radotín,1+KK,16299.666666666666,684.1954656862745,3
outer_or_suburbs,Radotín,3+1,39800.0,346.0869565217391,1
outer_or_suburbs,Ruzyně,1+KK,16490.0,634.2307692307693,1
outer_or_suburbs,Ruzyně,2+KK,26000.0,541.6666666666666,1
outer_or_suburbs,Ruzyně,3+1,12000.0,146.34146341463415,1
outer_or_suburbs,Ruzyně,3+KK,13000.0,224.13793103448276,1
outer_or_suburbs,Ruzyně,4+KK,44500.0,342.3076923076923,1
outer_or_suburbs,Ruzyně,GARSONIERA,14000.0,690.1913875598086,2
outer_or_suburbs,Sedlec,2+1,23000.0,433.9622641509434,1
outer_or_suburbs,Stodůlky,1+1,20000.0,500.0,1
outer_or_suburbs,Stodůlky,1+KK,22517.6,669.2620738729846,10
outer_or_suburbs,Stodůlky,2+1,27800.0,397.14285714285717,1
outer_or_suburbs,Stodůlky,2+KK,25499.85714285714,489.6779942152425,21
outer_or_suburbs,Stodůlky,3+1,25030.0,315.4999544391459,3
outer_or_suburbs,Stodůlky,3+KK,32307.14285714286,411.73326115955297,7
outer_or_suburbs,Stodůlky,4+KK,38300.0,375.4901960784314,1
outer_or_suburbs,Stodůlky,GARSONIERA,11800.0,491.6666666666667,1
outer_or_suburbs,Střížkov,1+1,17750.0,623.1971153846154,2
outer_or_suburbs,Střížkov,1+KK,20155.0,633.040057915058,2
outer_or_suburbs,Střížkov,2+KK,25180.0,562.6424617508128,5
outer_or_suburbs,Suchdol,1+KK,24000.0,436.3636363636364,1
outer_or_suburbs,Suchdol,2+1,31500.0,484.61538461538464,1
outer_or_suburbs,Suchdol,4+KK,13500.0,135.0,1
outer_or_suburbs,Troja,3+1,29495.0,393.90180265654647,4
outer_or_suburbs,Troja,3+KK,31000.0,455.88235294117646,1
outer_or_suburbs,Třebonice,1+KK,17490.0,583.0,1
outer_or_suburbs,Třebonice,2+KK,21490.0,457.2340425531915,1
outer_or_suburbs,Uhříněves,1+KK,19433.333333333332,582.9471182412359,3
outer_or_suburbs,Uhříněves,2+KK,22872.5,451.87403782509426,4
outer_or_suburbs,Veleslavín,2+1,27362.5,464.0347789355111,2
outer_or_suburbs,Veleslavín,3+KK,26700.0,494.44444444444446,1
outer_or_suburbs,Veleň,2+1,24800.0,400.0,1
outer_or_suburbs,Velká Chuchle,3+1,18800.0,250.66666666666666,1
outer_or_suburbs,Vestec,2+KK,20000.0,400.0,1
outer_or_suburbs,Vinoř,2+KK,26000.0,433.3333333333333,1
outer_or_suburbs,Vinoř,3+KK,36600.0,366.0,1
outer_or_suburbs,Zadní Kopanina,1+KK,15000.0,500.0,1
outer_or_suburbs,Zbraslav,2+KK,25763.0,503.95977011494256,2
outer_or_suburbs,Zbraslav,3+KK,32250.0,500.7278835386338,2
outer_or_suburbs,Zličín,1+KK,22019.0,524.2619047619048,1
outer_or_suburbs,Zličín,2+KK,31832.0,527.4291208791209,2
outer_or_suburbs,Zličín,3+KK,33500.0,435.2195945945946,2
outer_or_suburbs,Zličín,4+KK,49990.0,290.63953488372096,1
outer_or_suburbs,Záběhlice,1+1,23300.0,466.0,1
outer_or_suburbs,Záběhlice,1+KK,20060.0,556.3597905717471,6
outer_or_suburbs,Záběhlice,2+KK,29235.5,513.678970223325,2
outer_or_suburbs,Záběhlice,3+1,29000.0,381.57894736842104,1
outer_or_suburbs,Záběhlice,3+KK,22990.0,357.53546966731903,2
outer_or_suburbs,Záběhlice,GARSONIERA,14200.0,568.0,1
outer_or_suburbs,Újezd nad Lesy,3+KK,36000.0,428.57142857142856,1
outer_or_suburbs,Újezd u Průhonic,1+KK,26000.0,962.9629629629629,1
outer_or_suburbs,Újezd u Průhonic,3+KK,34500.0,466.2162162162162,1
outer_or_suburbs,Únětice,2+KK,26000.0,393.93939393939394,1
outer_or_suburbs,Čakovice,1+KK,15000.0,535.7142857142857,1
outer_or_suburbs,Čakovice,2+KK,27500.0,458.3333333333333,1
outer_or_suburbs,Čakovice,3+1,29000.0,453.125,1
outer_or_suburbs,Čakovice,3+KK,33000.0,417.72151898734177,1
outer_or_suburbs,Černý Most,2+KK,26199.5,584.3745993158789,4
outer_or_suburbs,Černý Most,3+1,23544.666666666668,298.49355444133926,3
outer_or_suburbs,Čimice,1+1,18850.0,483.3333333333333,1
outer_or_suburbs,Čimice,2+1,24326.0,434.39285714285717,1
outer_or_suburbs,Čimice,2+KK,18000.0,486.4864864864865,1
outer_or_suburbs,Ďáblice,1+KK,17995.0,481.5853658536586,2
outer_or_suburbs,Řeporyje,1+KK,22190.0,616.3888888888889,1
outer_or_suburbs,Řepy,1+KK,19400.0,587.8787878787879,1
outer_or_suburbs,Řepy,2+1,26500.0,368.05555555555554,1
outer_or_suburbs,Řepy,2+KK,27750.0,608.9534254505185,4
outer_or_suburbs,Řepy,3+1,33000.0,362.6373626373626,1
outer_or_suburbs,Řepy,3+KK,24990.0,342.32876712328766,1
outer_or_suburbs,Říčany,1+1,18000.0,428.57142857142856,1
outer_or_suburbs,Říčany,1+KK,23215.0,859.8148148148148,1
outer_or_suburbs,Říčany,2+1,17000.0,425.0,1
outer_or_suburbs,Říčany,2+KK,25600.0,500.7692307692308,2
outer_or_suburbs,Šestajovice,3+1,23990.0,201.5966386554622,1
outer_or_suburbs,Štěrboholy,2+KK,23740.0,431.6363636363636,2
outer_or_suburbs,Štěrboholy,3+KK,43379.0,312.0791366906475,1
